文件名,关键词,最终标题
wechat-0001.md,关键词1,专题速递：【关键词1】常见问题与处理方法_供需观
wechat-0002.md,关键词2,热点追踪：【关键词2】使用技巧与注意事项_行业观察
wechat-0003.md,关键词3,今日观察：【关键词3】实用方法与操作要点_趋势分析
wechat-0004.md,关键词4,行业快讯：【关键词4】常见情况与解决思路_热点解读
wechat-0005.md,关键词5,焦点关注：【关键词5】相关问题与应对建议_问题解析
wechat-0006.md,关键词6,深度解析：【关键词6】常见问题与处理方法_实用参考
wechat-0007.md,关键词7,实用指南：【关键词7】使用技巧与注意事项_经验分享
wechat-0008.md,关键词8,问题聚焦：【关键词8】实用方法与操作要点_动态观察
wechat-0009.md,关键词9,最新动态：【关键词9】常见情况与解决思路_深度透视
wechat-0010.md,关键词10,行业透视：【关键词10】相关问题与应对建议_趋势观察
wechat-0011.md,关键词11,专题速递：【关键词11】常见问题与处理方法_供需观
wechat-0012.md,关键词12,热点追踪：【关键词12】使用技巧与注意事项_行业观察
wechat-0013.md,关键词13,今日观察：【关键词13】实用方法与操作要点_趋势分析
wechat-0014.md,关键词14,行业快讯：【关键词14】常见情况与解决思路_热点解读
wechat-0015.md,关键词15,焦点关注：【关键词15】相关问题与应对建议_问题解析
wechat-0016.md,关键词16,深度解析：【关键词16】常见问题与处理方法_实用参考
wechat-0017.md,关键词17,实用指南：【关键词17】使用技巧与注意事项_经验分享
wechat-0018.md,关键词18,问题聚焦：【关键词18】实用方法与操作要点_动态观察
wechat-0019.md,关键词19,最新动态：【关键词19】常见情况与解决思路_深度透视
wechat-0020.md,关键词20,行业透视：【关键词20】相关问题与应对建议_趋势观察
wechat-0021.md,关键词21,专题速递：【关键词21】常见问题与处理方法_供需观
wechat-0022.md,关键词22,热点追踪：【关键词22】使用技巧与注意事项_行业观察
wechat-0023.md,关键词23,今日观察：【关键词23】实用方法与操作要点_趋势分析
wechat-0024.md,关键词24,行业快讯：【关键词24】常见情况与解决思路_热点解读
wechat-0025.md,关键词25,焦点关注：【关键词25】相关问题与应对建议_问题解析
wechat-0026.md,关键词26,深度解析：【关键词26】常见问题与处理方法_实用参考
wechat-0027.md,关键词27,实用指南：【关键词27】使用技巧与注意事项_经验分享
wechat-0028.md,关键词28,问题聚焦：【关键词28】实用方法与操作要点_动态观察
wechat-0029.md,关键词29,最新动态：【关键词29】常见情况与解决思路_深度透视
wechat-0030.md,关键词30,行业透视：【关键词30】相关问题与应对建议_趋势观察
wechat-0031.md,关键词31,专题速递：【关键词31】常见问题与处理方法_供需观
wechat-0032.md,关键词32,热点追踪：【关键词32】使用技巧与注意事项_行业观察
wechat-0033.md,关键词33,今日观察：【关键词33】实用方法与操作要点_趋势分析
wechat-0034.md,关键词34,行业快讯：【关键词34】常见情况与解决思路_热点解读
wechat-0035.md,关键词35,焦点关注：【关键词35】相关问题与应对建议_问题解析
wechat-0036.md,关键词36,深度解析：【关键词36】常见问题与处理方法_实用参考
wechat-0037.md,关键词37,实用指南：【关键词37】使用技巧与注意事项_经验分享
wechat-0038.md,关键词38,问题聚焦：【关键词38】实用方法与操作要点_动态观察
wechat-0039.md,关键词39,最新动态：【关键词39】常见情况与解决思路_深度透视
wechat-0040.md,关键词40,行业透视：【关键词40】相关问题与应对建议_趋势观察
wechat-0041.md,关键词41,专题速递：【关键词41】常见问题与处理方法_供需观
wechat-0042.md,关键词42,热点追踪：【关键词42】使用技巧与注意事项_行业观察
wechat-0043.md,关键词43,今日观察：【关键词43】实用方法与操作要点_趋势分析
wechat-0044.md,关键词44,行业快讯：【关键词44】常见情况与解决思路_热点解读
wechat-0045.md,关键词45,焦点关注：【关键词45】相关问题与应对建议_问题解析
wechat-0046.md,关键词46,深度解析：【关键词46】常见问题与处理方法_实用参考
wechat-0047.md,关键词47,实用指南：【关键词47】使用技巧与注意事项_经验分享
wechat-0048.md,关键词48,问题聚焦：【关键词48】实用方法与操作要点_动态观察
wechat-0049.md,关键词49,最新动态：【关键词49】常见情况与解决思路_深度透视
wechat-0050.md,关键词50,行业透视：【关键词50】相关问题与应对建议_趋势观察
wechat-0051.md,关键词51,专题速递：【关键词51】常见问题与处理方法_供需观
wechat-0052.md,关键词52,热点追踪：【关键词52】使用技巧与注意事项_行业观察
wechat-0053.md,关键词53,今日观察：【关键词53】实用方法与操作要点_趋势分析
wechat-0054.md,关键词54,行业快讯：【关键词54】常见情况与解决思路_热点解读
wechat-0055.md,关键词55,焦点关注：【关键词55】相关问题与应对建议_问题解析
wechat-0056.md,关键词56,深度解析：【关键词56】常见问题与处理方法_实用参考
wechat-0057.md,关键词57,实用指南：【关键词57】使用技巧与注意事项_经验分享
wechat-0058.md,关键词58,问题聚焦：【关键词58】实用方法与操作要点_动态观察
wechat-0059.md,关键词59,最新动态：【关键词59】常见情况与解决思路_深度透视
wechat-0060.md,关键词60,行业透视：【关键词60】相关问题与应对建议_趋势观察
wechat-0061.md,关键词61,专题速递：【关键词61】常见问题与处理方法_供需观
wechat-0062.md,关键词62,热点追踪：【关键词62】使用技巧与注意事项_行业观察
wechat-0063.md,关键词63,今日观察：【关键词63】实用方法与操作要点_趋势分析
wechat-0064.md,关键词64,行业快讯：【关键词64】常见情况与解决思路_热点解读
wechat-0065.md,关键词65,焦点关注：【关键词65】相关问题与应对建议_问题解析
wechat-0066.md,关键词66,深度解析：【关键词66】常见问题与处理方法_实用参考
wechat-0067.md,关键词67,实用指南：【关键词67】使用技巧与注意事项_经验分享
wechat-0068.md,关键词68,问题聚焦：【关键词68】实用方法与操作要点_动态观察
wechat-0069.md,关键词69,最新动态：【关键词69】常见情况与解决思路_深度透视
wechat-0070.md,关键词70,行业透视：【关键词70】相关问题与应对建议_趋势观察
wechat-0071.md,关键词71,专题速递：【关键词71】常见问题与处理方法_供需观
wechat-0072.md,关键词72,热点追踪：【关键词72】使用技巧与注意事项_行业观察
wechat-0073.md,关键词73,今日观察：【关键词73】实用方法与操作要点_趋势分析
wechat-0074.md,关键词74,行业快讯：【关键词74】常见情况与解决思路_热点解读
wechat-0075.md,关键词75,焦点关注：【关键词75】相关问题与应对建议_问题解析
wechat-0076.md,关键词76,深度解析：【关键词76】常见问题与处理方法_实用参考
wechat-0077.md,关键词77,实用指南：【关键词77】使用技巧与注意事项_经验分享
wechat-0078.md,关键词78,问题聚焦：【关键词78】实用方法与操作要点_动态观察
wechat-0079.md,关键词79,最新动态：【关键词79】常见情况与解决思路_深度透视
wechat-0080.md,关键词80,行业透视：【关键词80】相关问题与应对建议_趋势观察
wechat-0081.md,关键词81,专题速递：【关键词81】常见问题与处理方法_供需观
wechat-0082.md,关键词82,热点追踪：【关键词82】使用技巧与注意事项_行业观察
wechat-0083.md,关键词83,今日观察：【关键词83】实用方法与操作要点_趋势分析
wechat-0084.md,关键词84,行业快讯：【关键词84】常见情况与解决思路_热点解读
wechat-0085.md,关键词85,焦点关注：【关键词85】相关问题与应对建议_问题解析
wechat-0086.md,关键词86,深度解析：【关键词86】常见问题与处理方法_实用参考
wechat-0087.md,关键词87,实用指南：【关键词87】使用技巧与注意事项_经验分享
wechat-0088.md,关键词88,问题聚焦：【关键词88】实用方法与操作要点_动态观察
wechat-0089.md,关键词89,最新动态：【关键词89】常见情况与解决思路_深度透视
wechat-0090.md,关键词90,行业透视：【关键词90】相关问题与应对建议_趋势观察
wechat-0091.md,关键词91,专题速递：【关键词91】常见问题与处理方法_供需观
wechat-0092.md,关键词92,热点追踪：【关键词92】使用技巧与注意事项_行业观察
wechat-0093.md,关键词93,今日观察：【关键词93】实用方法与操作要点_趋势分析
wechat-0094.md,关键词94,行业快讯：【关键词94】常见情况与解决思路_热点解读
wechat-0095.md,关键词95,焦点关注：【关键词95】相关问题与应对建议_问题解析
wechat-0096.md,关键词96,深度解析：【关键词96】常见问题与处理方法_实用参考
wechat-0097.md,关键词97,实用指南：【关键词97】使用技巧与注意事项_经验分享
wechat-0098.md,关键词98,问题聚焦：【关键词98】实用方法与操作要点_动态观察
wechat-0099.md,关键词99,最新动态：【关键词99】常见情况与解决思路_深度透视
wechat-0100.md,关键词100,行业透视：【关键词100】相关问题与应对建议_趋势观察
wechat-0101.md,关键词1,专题速递：【关键词1】常见问题与处理方法_供需观
wechat-0102.md,关键词2,热点追踪：【关键词2】使用技巧与注意事项_行业观察
wechat-0103.md,关键词3,今日观察：【关键词3】实用方法与操作要点_趋势分析
wechat-0104.md,关键词4,行业快讯：【关键词4】常见情况与解决思路_热点解读
wechat-0105.md,关键词5,焦点关注：【关键词5】相关问题与应对建议_问题解析
wechat-0106.md,关键词6,深度解析：【关键词6】常见问题与处理方法_实用参考
wechat-0107.md,关键词7,实用指南：【关键词7】使用技巧与注意事项_经验分享
wechat-0108.md,关键词8,问题聚焦：【关键词8】实用方法与操作要点_动态观察
wechat-0109.md,关键词9,最新动态：【关键词9】常见情况与解决思路_深度透视
wechat-0110.md,关键词10,行业透视：【关键词10】相关问题与应对建议_趋势观察
wechat-0111.md,关键词11,专题速递：【关键词11】常见问题与处理方法_供需观
wechat-0112.md,关键词12,热点追踪：【关键词12】使用技巧与注意事项_行业观察
wechat-0113.md,关键词13,今日观察：【关键词13】实用方法与操作要点_趋势分析
wechat-0114.md,关键词14,行业快讯：【关键词14】常见情况与解决思路_热点解读
wechat-0115.md,关键词15,焦点关注：【关键词15】相关问题与应对建议_问题解析
wechat-0116.md,关键词16,深度解析：【关键词16】常见问题与处理方法_实用参考
wechat-0117.md,关键词17,实用指南：【关键词17】使用技巧与注意事项_经验分享
wechat-0118.md,关键词18,问题聚焦：【关键词18】实用方法与操作要点_动态观察
wechat-0119.md,关键词19,最新动态：【关键词19】常见情况与解决思路_深度透视
wechat-0120.md,关键词20,行业透视：【关键词20】相关问题与应对建议_趋势观察
wechat-0121.md,关键词21,专题速递：【关键词21】常见问题与处理方法_供需观
wechat-0122.md,关键词22,热点追踪：【关键词22】使用技巧与注意事项_行业观察
wechat-0123.md,关键词23,今日观察：【关键词23】实用方法与操作要点_趋势分析
wechat-0124.md,关键词24,行业快讯：【关键词24】常见情况与解决思路_热点解读
wechat-0125.md,关键词25,焦点关注：【关键词25】相关问题与应对建议_问题解析
wechat-0126.md,关键词26,深度解析：【关键词26】常见问题与处理方法_实用参考
wechat-0127.md,关键词27,实用指南：【关键词27】使用技巧与注意事项_经验分享
wechat-0128.md,关键词28,问题聚焦：【关键词28】实用方法与操作要点_动态观察
wechat-0129.md,关键词29,最新动态：【关键词29】常见情况与解决思路_深度透视
wechat-0130.md,关键词30,行业透视：【关键词30】相关问题与应对建议_趋势观察
wechat-0131.md,关键词31,专题速递：【关键词31】常见问题与处理方法_供需观
wechat-0132.md,关键词32,热点追踪：【关键词32】使用技巧与注意事项_行业观察
wechat-0133.md,关键词33,今日观察：【关键词33】实用方法与操作要点_趋势分析
wechat-0134.md,关键词34,行业快讯：【关键词34】常见情况与解决思路_热点解读
wechat-0135.md,关键词35,焦点关注：【关键词35】相关问题与应对建议_问题解析
wechat-0136.md,关键词36,深度解析：【关键词36】常见问题与处理方法_实用参考
wechat-0137.md,关键词37,实用指南：【关键词37】使用技巧与注意事项_经验分享
wechat-0138.md,关键词38,问题聚焦：【关键词38】实用方法与操作要点_动态观察
wechat-0139.md,关键词39,最新动态：【关键词39】常见情况与解决思路_深度透视
wechat-0140.md,关键词40,行业透视：【关键词40】相关问题与应对建议_趋势观察
wechat-0141.md,关键词41,专题速递：【关键词41】常见问题与处理方法_供需观
wechat-0142.md,关键词42,热点追踪：【关键词42】使用技巧与注意事项_行业观察
wechat-0143.md,关键词43,今日观察：【关键词43】实用方法与操作要点_趋势分析
wechat-0144.md,关键词44,行业快讯：【关键词44】常见情况与解决思路_热点解读
wechat-0145.md,关键词45,焦点关注：【关键词45】相关问题与应对建议_问题解析
wechat-0146.md,关键词46,深度解析：【关键词46】常见问题与处理方法_实用参考
wechat-0147.md,关键词47,实用指南：【关键词47】使用技巧与注意事项_经验分享
wechat-0148.md,关键词48,问题聚焦：【关键词48】实用方法与操作要点_动态观察
wechat-0149.md,关键词49,最新动态：【关键词49】常见情况与解决思路_深度透视
wechat-0150.md,关键词50,行业透视：【关键词50】相关问题与应对建议_趋势观察
wechat-0151.md,关键词51,专题速递：【关键词51】常见问题与处理方法_供需观
wechat-0152.md,关键词52,热点追踪：【关键词52】使用技巧与注意事项_行业观察
wechat-0153.md,关键词53,今日观察：【关键词53】实用方法与操作要点_趋势分析
wechat-0154.md,关键词54,行业快讯：【关键词54】常见情况与解决思路_热点解读
wechat-0155.md,关键词55,焦点关注：【关键词55】相关问题与应对建议_问题解析
wechat-0156.md,关键词56,深度解析：【关键词56】常见问题与处理方法_实用参考
wechat-0157.md,关键词57,实用指南：【关键词57】使用技巧与注意事项_经验分享
wechat-0158.md,关键词58,问题聚焦：【关键词58】实用方法与操作要点_动态观察
wechat-0159.md,关键词59,最新动态：【关键词59】常见情况与解决思路_深度透视
wechat-0160.md,关键词60,行业透视：【关键词60】相关问题与应对建议_趋势观察
wechat-0161.md,关键词61,专题速递：【关键词61】常见问题与处理方法_供需观
wechat-0162.md,关键词62,热点追踪：【关键词62】使用技巧与注意事项_行业观察
wechat-0163.md,关键词63,今日观察：【关键词63】实用方法与操作要点_趋势分析
wechat-0164.md,关键词64,行业快讯：【关键词64】常见情况与解决思路_热点解读
wechat-0165.md,关键词65,焦点关注：【关键词65】相关问题与应对建议_问题解析
wechat-0166.md,关键词66,深度解析：【关键词66】常见问题与处理方法_实用参考
wechat-0167.md,关键词67,实用指南：【关键词67】使用技巧与注意事项_经验分享
wechat-0168.md,关键词68,问题聚焦：【关键词68】实用方法与操作要点_动态观察
wechat-0169.md,关键词69,最新动态：【关键词69】常见情况与解决思路_深度透视
wechat-0170.md,关键词70,行业透视：【关键词70】相关问题与应对建议_趋势观察
wechat-0171.md,关键词71,专题速递：【关键词71】常见问题与处理方法_供需观
wechat-0172.md,关键词72,热点追踪：【关键词72】使用技巧与注意事项_行业观察
wechat-0173.md,关键词73,今日观察：【关键词73】实用方法与操作要点_趋势分析
wechat-0174.md,关键词74,行业快讯：【关键词74】常见情况与解决思路_热点解读
wechat-0175.md,关键词75,焦点关注：【关键词75】相关问题与应对建议_问题解析
wechat-0176.md,关键词76,深度解析：【关键词76】常见问题与处理方法_实用参考
wechat-0177.md,关键词77,实用指南：【关键词77】使用技巧与注意事项_经验分享
wechat-0178.md,关键词78,问题聚焦：【关键词78】实用方法与操作要点_动态观察
wechat-0179.md,关键词79,最新动态：【关键词79】常见情况与解决思路_深度透视
wechat-0180.md,关键词80,行业透视：【关键词80】相关问题与应对建议_趋势观察
wechat-0181.md,关键词81,专题速递：【关键词81】常见问题与处理方法_供需观
wechat-0182.md,关键词82,热点追踪：【关键词82】使用技巧与注意事项_行业观察
wechat-0183.md,关键词83,今日观察：【关键词83】实用方法与操作要点_趋势分析
wechat-0184.md,关键词84,行业快讯：【关键词84】常见情况与解决思路_热点解读
wechat-0185.md,关键词85,焦点关注：【关键词85】相关问题与应对建议_问题解析
wechat-0186.md,关键词86,深度解析：【关键词86】常见问题与处理方法_实用参考
wechat-0187.md,关键词87,实用指南：【关键词87】使用技巧与注意事项_经验分享
wechat-0188.md,关键词88,问题聚焦：【关键词88】实用方法与操作要点_动态观察
wechat-0189.md,关键词89,最新动态：【关键词89】常见情况与解决思路_深度透视
wechat-0190.md,关键词90,行业透视：【关键词90】相关问题与应对建议_趋势观察
wechat-0191.md,关键词91,专题速递：【关键词91】常见问题与处理方法_供需观
wechat-0192.md,关键词92,热点追踪：【关键词92】使用技巧与注意事项_行业观察
wechat-0193.md,关键词93,今日观察：【关键词93】实用方法与操作要点_趋势分析
wechat-0194.md,关键词94,行业快讯：【关键词94】常见情况与解决思路_热点解读
wechat-0195.md,关键词95,焦点关注：【关键词95】相关问题与应对建议_问题解析
wechat-0196.md,关键词96,深度解析：【关键词96】常见问题与处理方法_实用参考
wechat-0197.md,关键词97,实用指南：【关键词97】使用技巧与注意事项_经验分享
wechat-0198.md,关键词98,问题聚焦：【关键词98】实用方法与操作要点_动态观察
wechat-0199.md,关键词99,最新动态：【关键词99】常见情况与解决思路_深度透视
wechat-0200.md,关键词100,行业透视：【关键词100】相关问题与应对建议_趋势观察
wechat-0201.md,关键词1,专题速递：【关键词1】常见问题与处理方法_供需观
wechat-0202.md,关键词2,热点追踪：【关键词2】使用技巧与注意事项_行业观察
wechat-0203.md,关键词3,今日观察：【关键词3】实用方法与操作要点_趋势分析
wechat-0204.md,关键词4,行业快讯：【关键词4】常见情况与解决思路_热点解读
wechat-0205.md,关键词5,焦点关注：【关键词5】相关问题与应对建议_问题解析
wechat-0206.md,关键词6,深度解析：【关键词6】常见问题与处理方法_实用参考
wechat-0207.md,关键词7,实用指南：【关键词7】使用技巧与注意事项_经验分享
wechat-0208.md,关键词8,问题聚焦：【关键词8】实用方法与操作要点_动态观察
wechat-0209.md,关键词9,最新动态：【关键词9】常见情况与解决思路_深度透视
wechat-0210.md,关键词10,行业透视：【关键词10】相关问题与应对建议_趋势观察
wechat-0211.md,关键词11,专题速递：【关键词11】常见问题与处理方法_供需观
wechat-0212.md,关键词12,热点追踪：【关键词12】使用技巧与注意事项_行业观察
wechat-0213.md,关键词13,今日观察：【关键词13】实用方法与操作要点_趋势分析
wechat-0214.md,关键词14,行业快讯：【关键词14】常见情况与解决思路_热点解读
wechat-0215.md,关键词15,焦点关注：【关键词15】相关问题与应对建议_问题解析
wechat-0216.md,关键词16,深度解析：【关键词16】常见问题与处理方法_实用参考
wechat-0217.md,关键词17,实用指南：【关键词17】使用技巧与注意事项_经验分享
wechat-0218.md,关键词18,问题聚焦：【关键词18】实用方法与操作要点_动态观察
wechat-0219.md,关键词19,最新动态：【关键词19】常见情况与解决思路_深度透视
wechat-0220.md,关键词20,行业透视：【关键词20】相关问题与应对建议_趋势观察
wechat-0221.md,关键词21,专题速递：【关键词21】常见问题与处理方法_供需观
wechat-0222.md,关键词22,热点追踪：【关键词22】使用技巧与注意事项_行业观察
wechat-0223.md,关键词23,今日观察：【关键词23】实用方法与操作要点_趋势分析
wechat-0224.md,关键词24,行业快讯：【关键词24】常见情况与解决思路_热点解读
wechat-0225.md,关键词25,焦点关注：【关键词25】相关问题与应对建议_问题解析
wechat-0226.md,关键词26,深度解析：【关键词26】常见问题与处理方法_实用参考
wechat-0227.md,关键词27,实用指南：【关键词27】使用技巧与注意事项_经验分享
wechat-0228.md,关键词28,问题聚焦：【关键词28】实用方法与操作要点_动态观察
wechat-0229.md,关键词29,最新动态：【关键词29】常见情况与解决思路_深度透视
wechat-0230.md,关键词30,行业透视：【关键词30】相关问题与应对建议_趋势观察
wechat-0231.md,关键词31,专题速递：【关键词31】常见问题与处理方法_供需观
wechat-0232.md,关键词32,热点追踪：【关键词32】使用技巧与注意事项_行业观察
wechat-0233.md,关键词33,今日观察：【关键词33】实用方法与操作要点_趋势分析
wechat-0234.md,关键词34,行业快讯：【关键词34】常见情况与解决思路_热点解读
wechat-0235.md,关键词35,焦点关注：【关键词35】相关问题与应对建议_问题解析
wechat-0236.md,关键词36,深度解析：【关键词36】常见问题与处理方法_实用参考
wechat-0237.md,关键词37,实用指南：【关键词37】使用技巧与注意事项_经验分享
wechat-0238.md,关键词38,问题聚焦：【关键词38】实用方法与操作要点_动态观察
wechat-0239.md,关键词39,最新动态：【关键词39】常见情况与解决思路_深度透视
wechat-0240.md,关键词40,行业透视：【关键词40】相关问题与应对建议_趋势观察
wechat-0241.md,关键词41,专题速递：【关键词41】常见问题与处理方法_供需观
wechat-0242.md,关键词42,热点追踪：【关键词42】使用技巧与注意事项_行业观察
wechat-0243.md,关键词43,今日观察：【关键词43】实用方法与操作要点_趋势分析
wechat-0244.md,关键词44,行业快讯：【关键词44】常见情况与解决思路_热点解读
wechat-0245.md,关键词45,焦点关注：【关键词45】相关问题与应对建议_问题解析
wechat-0246.md,关键词46,深度解析：【关键词46】常见问题与处理方法_实用参考
wechat-0247.md,关键词47,实用指南：【关键词47】使用技巧与注意事项_经验分享
wechat-0248.md,关键词48,问题聚焦：【关键词48】实用方法与操作要点_动态观察
wechat-0249.md,关键词49,最新动态：【关键词49】常见情况与解决思路_深度透视
wechat-0250.md,关键词50,行业透视：【关键词50】相关问题与应对建议_趋势观察
wechat-0251.md,关键词51,专题速递：【关键词51】常见问题与处理方法_供需观
wechat-0252.md,关键词52,热点追踪：【关键词52】使用技巧与注意事项_行业观察
wechat-0253.md,关键词53,今日观察：【关键词53】实用方法与操作要点_趋势分析
wechat-0254.md,关键词54,行业快讯：【关键词54】常见情况与解决思路_热点解读
wechat-0255.md,关键词55,焦点关注：【关键词55】相关问题与应对建议_问题解析
wechat-0256.md,关键词56,深度解析：【关键词56】常见问题与处理方法_实用参考
wechat-0257.md,关键词57,实用指南：【关键词57】使用技巧与注意事项_经验分享
wechat-0258.md,关键词58,问题聚焦：【关键词58】实用方法与操作要点_动态观察
wechat-0259.md,关键词59,最新动态：【关键词59】常见情况与解决思路_深度透视
wechat-0260.md,关键词60,行业透视：【关键词60】相关问题与应对建议_趋势观察
wechat-0261.md,关键词61,专题速递：【关键词61】常见问题与处理方法_供需观
wechat-0262.md,关键词62,热点追踪：【关键词62】使用技巧与注意事项_行业观察
wechat-0263.md,关键词63,今日观察：【关键词63】实用方法与操作要点_趋势分析
wechat-0264.md,关键词64,行业快讯：【关键词64】常见情况与解决思路_热点解读
wechat-0265.md,关键词65,焦点关注：【关键词65】相关问题与应对建议_问题解析
wechat-0266.md,关键词66,深度解析：【关键词66】常见问题与处理方法_实用参考
wechat-0267.md,关键词67,实用指南：【关键词67】使用技巧与注意事项_经验分享
wechat-0268.md,关键词68,问题聚焦：【关键词68】实用方法与操作要点_动态观察
wechat-0269.md,关键词69,最新动态：【关键词69】常见情况与解决思路_深度透视
wechat-0270.md,关键词70,行业透视：【关键词70】相关问题与应对建议_趋势观察
wechat-0271.md,关键词71,专题速递：【关键词71】常见问题与处理方法_供需观
wechat-0272.md,关键词72,热点追踪：【关键词72】使用技巧与注意事项_行业观察
wechat-0273.md,关键词73,今日观察：【关键词73】实用方法与操作要点_趋势分析
wechat-0274.md,关键词74,行业快讯：【关键词74】常见情况与解决思路_热点解读
wechat-0275.md,关键词75,焦点关注：【关键词75】相关问题与应对建议_问题解析
wechat-0276.md,关键词76,深度解析：【关键词76】常见问题与处理方法_实用参考
wechat-0277.md,关键词77,实用指南：【关键词77】使用技巧与注意事项_经验分享
wechat-0278.md,关键词78,问题聚焦：【关键词78】实用方法与操作要点_动态观察
wechat-0279.md,关键词79,最新动态：【关键词79】常见情况与解决思路_深度透视
wechat-0280.md,关键词80,行业透视：【关键词80】相关问题与应对建议_趋势观察
wechat-0281.md,关键词81,专题速递：【关键词81】常见问题与处理方法_供需观
wechat-0282.md,关键词82,热点追踪：【关键词82】使用技巧与注意事项_行业观察
wechat-0283.md,关键词83,今日观察：【关键词83】实用方法与操作要点_趋势分析
wechat-0284.md,关键词84,行业快讯：【关键词84】常见情况与解决思路_热点解读
wechat-0285.md,关键词85,焦点关注：【关键词85】相关问题与应对建议_问题解析
wechat-0286.md,关键词86,深度解析：【关键词86】常见问题与处理方法_实用参考
wechat-0287.md,关键词87,实用指南：【关键词87】使用技巧与注意事项_经验分享
wechat-0288.md,关键词88,问题聚焦：【关键词88】实用方法与操作要点_动态观察
wechat-0289.md,关键词89,最新动态：【关键词89】常见情况与解决思路_深度透视
wechat-0290.md,关键词90,行业透视：【关键词90】相关问题与应对建议_趋势观察
wechat-0291.md,关键词91,专题速递：【关键词91】常见问题与处理方法_供需观
wechat-0292.md,关键词92,热点追踪：【关键词92】使用技巧与注意事项_行业观察
wechat-0293.md,关键词93,今日观察：【关键词93】实用方法与操作要点_趋势分析
wechat-0294.md,关键词94,行业快讯：【关键词94】常见情况与解决思路_热点解读
wechat-0295.md,关键词95,焦点关注：【关键词95】相关问题与应对建议_问题解析
wechat-0296.md,关键词96,深度解析：【关键词96】常见问题与处理方法_实用参考
wechat-0297.md,关键词97,实用指南：【关键词97】使用技巧与注意事项_经验分享
wechat-0298.md,关键词98,问题聚焦：【关键词98】实用方法与操作要点_动态观察
wechat-0299.md,关键词99,最新动态：【关键词99】常见情况与解决思路_深度透视
wechat-0300.md,关键词100,行业透视：【关键词100】相关问题与应对建议_趋势观察
wechat-0301.md,关键词1,专题速递：【关键词1】常见问题与处理方法_供需观
wechat-0302.md,关键词2,热点追踪：【关键词2】使用技巧与注意事项_行业观察
wechat-0303.md,关键词3,今日观察：【关键词3】实用方法与操作要点_趋势分析
wechat-0304.md,关键词4,行业快讯：【关键词4】常见情况与解决思路_热点解读
wechat-0305.md,关键词5,焦点关注：【关键词5】相关问题与应对建议_问题解析
wechat-0306.md,关键词6,深度解析：【关键词6】常见问题与处理方法_实用参考
wechat-0307.md,关键词7,实用指南：【关键词7】使用技巧与注意事项_经验分享
wechat-0308.md,关键词8,问题聚焦：【关键词8】实用方法与操作要点_动态观察
wechat-0309.md,关键词9,最新动态：【关键词9】常见情况与解决思路_深度透视
wechat-0310.md,关键词10,行业透视：【关键词10】相关问题与应对建议_趋势观察
wechat-0311.md,关键词11,专题速递：【关键词11】常见问题与处理方法_供需观
wechat-0312.md,关键词12,热点追踪：【关键词12】使用技巧与注意事项_行业观察
wechat-0313.md,关键词13,今日观察：【关键词13】实用方法与操作要点_趋势分析
wechat-0314.md,关键词14,行业快讯：【关键词14】常见情况与解决思路_热点解读
wechat-0315.md,关键词15,焦点关注：【关键词15】相关问题与应对建议_问题解析
wechat-0316.md,关键词16,深度解析：【关键词16】常见问题与处理方法_实用参考
wechat-0317.md,关键词17,实用指南：【关键词17】使用技巧与注意事项_经验分享
wechat-0318.md,关键词18,问题聚焦：【关键词18】实用方法与操作要点_动态观察
wechat-0319.md,关键词19,最新动态：【关键词19】常见情况与解决思路_深度透视
wechat-0320.md,关键词20,行业透视：【关键词20】相关问题与应对建议_趋势观察
wechat-0321.md,关键词21,专题速递：【关键词21】常见问题与处理方法_供需观
wechat-0322.md,关键词22,热点追踪：【关键词22】使用技巧与注意事项_行业观察
wechat-0323.md,关键词23,今日观察：【关键词23】实用方法与操作要点_趋势分析
wechat-0324.md,关键词24,行业快讯：【关键词24】常见情况与解决思路_热点解读
wechat-0325.md,关键词25,焦点关注：【关键词25】相关问题与应对建议_问题解析
wechat-0326.md,关键词26,深度解析：【关键词26】常见问题与处理方法_实用参考
wechat-0327.md,关键词27,实用指南：【关键词27】使用技巧与注意事项_经验分享
wechat-0328.md,关键词28,问题聚焦：【关键词28】实用方法与操作要点_动态观察
wechat-0329.md,关键词29,最新动态：【关键词29】常见情况与解决思路_深度透视
wechat-0330.md,关键词30,行业透视：【关键词30】相关问题与应对建议_趋势观察
wechat-0331.md,关键词31,专题速递：【关键词31】常见问题与处理方法_供需观
wechat-0332.md,关键词32,热点追踪：【关键词32】使用技巧与注意事项_行业观察
wechat-0333.md,关键词33,今日观察：【关键词33】实用方法与操作要点_趋势分析
wechat-0334.md,关键词34,行业快讯：【关键词34】常见情况与解决思路_热点解读
wechat-0335.md,关键词35,焦点关注：【关键词35】相关问题与应对建议_问题解析
wechat-0336.md,关键词36,深度解析：【关键词36】常见问题与处理方法_实用参考
wechat-0337.md,关键词37,实用指南：【关键词37】使用技巧与注意事项_经验分享
wechat-0338.md,关键词38,问题聚焦：【关键词38】实用方法与操作要点_动态观察
wechat-0339.md,关键词39,最新动态：【关键词39】常见情况与解决思路_深度透视
wechat-0340.md,关键词40,行业透视：【关键词40】相关问题与应对建议_趋势观察
wechat-0341.md,关键词41,专题速递：【关键词41】常见问题与处理方法_供需观
wechat-0342.md,关键词42,热点追踪：【关键词42】使用技巧与注意事项_行业观察
wechat-0343.md,关键词43,今日观察：【关键词43】实用方法与操作要点_趋势分析
wechat-0344.md,关键词44,行业快讯：【关键词44】常见情况与解决思路_热点解读
wechat-0345.md,关键词45,焦点关注：【关键词45】相关问题与应对建议_问题解析
wechat-0346.md,关键词46,深度解析：【关键词46】常见问题与处理方法_实用参考
wechat-0347.md,关键词47,实用指南：【关键词47】使用技巧与注意事项_经验分享
wechat-0348.md,关键词48,问题聚焦：【关键词48】实用方法与操作要点_动态观察
wechat-0349.md,关键词49,最新动态：【关键词49】常见情况与解决思路_深度透视
wechat-0350.md,关键词50,行业透视：【关键词50】相关问题与应对建议_趋势观察
wechat-0351.md,关键词51,专题速递：【关键词51】常见问题与处理方法_供需观
wechat-0352.md,关键词52,热点追踪：【关键词52】使用技巧与注意事项_行业观察
wechat-0353.md,关键词53,今日观察：【关键词53】实用方法与操作要点_趋势分析
wechat-0354.md,关键词54,行业快讯：【关键词54】常见情况与解决思路_热点解读
wechat-0355.md,关键词55,焦点关注：【关键词55】相关问题与应对建议_问题解析
wechat-0356.md,关键词56,深度解析：【关键词56】常见问题与处理方法_实用参考
wechat-0357.md,关键词57,实用指南：【关键词57】使用技巧与注意事项_经验分享
wechat-0358.md,关键词58,问题聚焦：【关键词58】实用方法与操作要点_动态观察
wechat-0359.md,关键词59,最新动态：【关键词59】常见情况与解决思路_深度透视
wechat-0360.md,关键词60,行业透视：【关键词60】相关问题与应对建议_趋势观察
wechat-0361.md,关键词61,专题速递：【关键词61】常见问题与处理方法_供需观
wechat-0362.md,关键词62,热点追踪：【关键词62】使用技巧与注意事项_行业观察
wechat-0363.md,关键词63,今日观察：【关键词63】实用方法与操作要点_趋势分析
wechat-0364.md,关键词64,行业快讯：【关键词64】常见情况与解决思路_热点解读
wechat-0365.md,关键词65,焦点关注：【关键词65】相关问题与应对建议_问题解析
wechat-0366.md,关键词66,深度解析：【关键词66】常见问题与处理方法_实用参考
wechat-0367.md,关键词67,实用指南：【关键词67】使用技巧与注意事项_经验分享
wechat-0368.md,关键词68,问题聚焦：【关键词68】实用方法与操作要点_动态观察
wechat-0369.md,关键词69,最新动态：【关键词69】常见情况与解决思路_深度透视
wechat-0370.md,关键词70,行业透视：【关键词70】相关问题与应对建议_趋势观察
wechat-0371.md,关键词71,专题速递：【关键词71】常见问题与处理方法_供需观
wechat-0372.md,关键词72,热点追踪：【关键词72】使用技巧与注意事项_行业观察
wechat-0373.md,关键词73,今日观察：【关键词73】实用方法与操作要点_趋势分析
wechat-0374.md,关键词74,行业快讯：【关键词74】常见情况与解决思路_热点解读
wechat-0375.md,关键词75,焦点关注：【关键词75】相关问题与应对建议_问题解析
wechat-0376.md,关键词76,深度解析：【关键词76】常见问题与处理方法_实用参考
wechat-0377.md,关键词77,实用指南：【关键词77】使用技巧与注意事项_经验分享
wechat-0378.md,关键词78,问题聚焦：【关键词78】实用方法与操作要点_动态观察
wechat-0379.md,关键词79,最新动态：【关键词79】常见情况与解决思路_深度透视
wechat-0380.md,关键词80,行业透视：【关键词80】相关问题与应对建议_趋势观察
wechat-0381.md,关键词81,专题速递：【关键词81】常见问题与处理方法_供需观
wechat-0382.md,关键词82,热点追踪：【关键词82】使用技巧与注意事项_行业观察
wechat-0383.md,关键词83,今日观察：【关键词83】实用方法与操作要点_趋势分析
wechat-0384.md,关键词84,行业快讯：【关键词84】常见情况与解决思路_热点解读
wechat-0385.md,关键词85,焦点关注：【关键词85】相关问题与应对建议_问题解析
wechat-0386.md,关键词86,深度解析：【关键词86】常见问题与处理方法_实用参考
wechat-0387.md,关键词87,实用指南：【关键词87】使用技巧与注意事项_经验分享
wechat-0388.md,关键词88,问题聚焦：【关键词88】实用方法与操作要点_动态观察
wechat-0389.md,关键词89,最新动态：【关键词89】常见情况与解决思路_深度透视
wechat-0390.md,关键词90,行业透视：【关键词90】相关问题与应对建议_趋势观察
wechat-0391.md,关键词91,专题速递：【关键词91】常见问题与处理方法_供需观
wechat-0392.md,关键词92,热点追踪：【关键词92】使用技巧与注意事项_行业观察
wechat-0393.md,关键词93,今日观察：【关键词93】实用方法与操作要点_趋势分析
wechat-0394.md,关键词94,行业快讯：【关键词94】常见情况与解决思路_热点解读
wechat-0395.md,关键词95,焦点关注：【关键词95】相关问题与应对建议_问题解析
wechat-0396.md,关键词96,深度解析：【关键词96】常见问题与处理方法_实用参考
wechat-0397.md,关键词97,实用指南：【关键词97】使用技巧与注意事项_经验分享
wechat-0398.md,关键词98,问题聚焦：【关键词98】实用方法与操作要点_动态观察
wechat-0399.md,关键词99,最新动态：【关键词99】常见情况与解决思路_深度透视
wechat-0400.md,关键词100,行业透视：【关键词100】相关问题与应对建议_趋势观察
wechat-0401.md,关键词1,专题速递：【关键词1】常见问题与处理方法_供需观
wechat-0402.md,关键词2,热点追踪：【关键词2】使用技巧与注意事项_行业观察
wechat-0403.md,关键词3,今日观察：【关键词3】实用方法与操作要点_趋势分析
wechat-0404.md,关键词4,行业快讯：【关键词4】常见情况与解决思路_热点解读
wechat-0405.md,关键词5,焦点关注：【关键词5】相关问题与应对建议_问题解析
wechat-0406.md,关键词6,深度解析：【关键词6】常见问题与处理方法_实用参考
wechat-0407.md,关键词7,实用指南：【关键词7】使用技巧与注意事项_经验分享
wechat-0408.md,关键词8,问题聚焦：【关键词8】实用方法与操作要点_动态观察
wechat-0409.md,关键词9,最新动态：【关键词9】常见情况与解决思路_深度透视
wechat-0410.md,关键词10,行业透视：【关键词10】相关问题与应对建议_趋势观察
wechat-0411.md,关键词11,专题速递：【关键词11】常见问题与处理方法_供需观
wechat-0412.md,关键词12,热点追踪：【关键词12】使用技巧与注意事项_行业观察
wechat-0413.md,关键词13,今日观察：【关键词13】实用方法与操作要点_趋势分析
wechat-0414.md,关键词14,行业快讯：【关键词14】常见情况与解决思路_热点解读
wechat-0415.md,关键词15,焦点关注：【关键词15】相关问题与应对建议_问题解析
wechat-0416.md,关键词16,深度解析：【关键词16】常见问题与处理方法_实用参考
wechat-0417.md,关键词17,实用指南：【关键词17】使用技巧与注意事项_经验分享
wechat-0418.md,关键词18,问题聚焦：【关键词18】实用方法与操作要点_动态观察
wechat-0419.md,关键词19,最新动态：【关键词19】常见情况与解决思路_深度透视
wechat-0420.md,关键词20,行业透视：【关键词20】相关问题与应对建议_趋势观察
wechat-0421.md,关键词21,专题速递：【关键词21】常见问题与处理方法_供需观
wechat-0422.md,关键词22,热点追踪：【关键词22】使用技巧与注意事项_行业观察
wechat-0423.md,关键词23,今日观察：【关键词23】实用方法与操作要点_趋势分析
wechat-0424.md,关键词24,行业快讯：【关键词24】常见情况与解决思路_热点解读
wechat-0425.md,关键词25,焦点关注：【关键词25】相关问题与应对建议_问题解析
wechat-0426.md,关键词26,深度解析：【关键词26】常见问题与处理方法_实用参考
wechat-0427.md,关键词27,实用指南：【关键词27】使用技巧与注意事项_经验分享
wechat-0428.md,关键词28,问题聚焦：【关键词28】实用方法与操作要点_动态观察
wechat-0429.md,关键词29,最新动态：【关键词29】常见情况与解决思路_深度透视
wechat-0430.md,关键词30,行业透视：【关键词30】相关问题与应对建议_趋势观察
wechat-0431.md,关键词31,专题速递：【关键词31】常见问题与处理方法_供需观
wechat-0432.md,关键词32,热点追踪：【关键词32】使用技巧与注意事项_行业观察
wechat-0433.md,关键词33,今日观察：【关键词33】实用方法与操作要点_趋势分析
wechat-0434.md,关键词34,行业快讯：【关键词34】常见情况与解决思路_热点解读
wechat-0435.md,关键词35,焦点关注：【关键词35】相关问题与应对建议_问题解析
wechat-0436.md,关键词36,深度解析：【关键词36】常见问题与处理方法_实用参考
wechat-0437.md,关键词37,实用指南：【关键词37】使用技巧与注意事项_经验分享
wechat-0438.md,关键词38,问题聚焦：【关键词38】实用方法与操作要点_动态观察
wechat-0439.md,关键词39,最新动态：【关键词39】常见情况与解决思路_深度透视
wechat-0440.md,关键词40,行业透视：【关键词40】相关问题与应对建议_趋势观察
wechat-0441.md,关键词41,专题速递：【关键词41】常见问题与处理方法_供需观
wechat-0442.md,关键词42,热点追踪：【关键词42】使用技巧与注意事项_行业观察
wechat-0443.md,关键词43,今日观察：【关键词43】实用方法与操作要点_趋势分析
wechat-0444.md,关键词44,行业快讯：【关键词44】常见情况与解决思路_热点解读
wechat-0445.md,关键词45,焦点关注：【关键词45】相关问题与应对建议_问题解析
wechat-0446.md,关键词46,深度解析：【关键词46】常见问题与处理方法_实用参考
wechat-0447.md,关键词47,实用指南：【关键词47】使用技巧与注意事项_经验分享
wechat-0448.md,关键词48,问题聚焦：【关键词48】实用方法与操作要点_动态观察
wechat-0449.md,关键词49,最新动态：【关键词49】常见情况与解决思路_深度透视
wechat-0450.md,关键词50,行业透视：【关键词50】相关问题与应对建议_趋势观察
wechat-0451.md,关键词51,专题速递：【关键词51】常见问题与处理方法_供需观
wechat-0452.md,关键词52,热点追踪：【关键词52】使用技巧与注意事项_行业观察
wechat-0453.md,关键词53,今日观察：【关键词53】实用方法与操作要点_趋势分析
wechat-0454.md,关键词54,行业快讯：【关键词54】常见情况与解决思路_热点解读
wechat-0455.md,关键词55,焦点关注：【关键词55】相关问题与应对建议_问题解析
wechat-0456.md,关键词56,深度解析：【关键词56】常见问题与处理方法_实用参考
wechat-0457.md,关键词57,实用指南：【关键词57】使用技巧与注意事项_经验分享
wechat-0458.md,关键词58,问题聚焦：【关键词58】实用方法与操作要点_动态观察
wechat-0459.md,关键词59,最新动态：【关键词59】常见情况与解决思路_深度透视
wechat-0460.md,关键词60,行业透视：【关键词60】相关问题与应对建议_趋势观察
wechat-0461.md,关键词61,专题速递：【关键词61】常见问题与处理方法_供需观
wechat-0462.md,关键词62,热点追踪：【关键词62】使用技巧与注意事项_行业观察
wechat-0463.md,关键词63,今日观察：【关键词63】实用方法与操作要点_趋势分析
wechat-0464.md,关键词64,行业快讯：【关键词64】常见情况与解决思路_热点解读
wechat-0465.md,关键词65,焦点关注：【关键词65】相关问题与应对建议_问题解析
wechat-0466.md,关键词66,深度解析：【关键词66】常见问题与处理方法_实用参考
wechat-0467.md,关键词67,实用指南：【关键词67】使用技巧与注意事项_经验分享
wechat-0468.md,关键词68,问题聚焦：【关键词68】实用方法与操作要点_动态观察
wechat-0469.md,关键词69,最新动态：【关键词69】常见情况与解决思路_深度透视
wechat-0470.md,关键词70,行业透视：【关键词70】相关问题与应对建议_趋势观察
wechat-0471.md,关键词71,专题速递：【关键词71】常见问题与处理方法_供需观
wechat-0472.md,关键词72,热点追踪：【关键词72】使用技巧与注意事项_行业观察
wechat-0473.md,关键词73,今日观察：【关键词73】实用方法与操作要点_趋势分析
wechat-0474.md,关键词74,行业快讯：【关键词74】常见情况与解决思路_热点解读
wechat-0475.md,关键词75,焦点关注：【关键词75】相关问题与应对建议_问题解析
wechat-0476.md,关键词76,深度解析：【关键词76】常见问题与处理方法_实用参考
wechat-0477.md,关键词77,实用指南：【关键词77】使用技巧与注意事项_经验分享
wechat-0478.md,关键词78,问题聚焦：【关键词78】实用方法与操作要点_动态观察
wechat-0479.md,关键词79,最新动态：【关键词79】常见情况与解决思路_深度透视
wechat-0480.md,关键词80,行业透视：【关键词80】相关问题与应对建议_趋势观察
wechat-0481.md,关键词81,专题速递：【关键词81】常见问题与处理方法_供需观
wechat-0482.md,关键词82,热点追踪：【关键词82】使用技巧与注意事项_行业观察
wechat-0483.md,关键词83,今日观察：【关键词83】实用方法与操作要点_趋势分析
wechat-0484.md,关键词84,行业快讯：【关键词84】常见情况与解决思路_热点解读
wechat-0485.md,关键词85,焦点关注：【关键词85】相关问题与应对建议_问题解析
wechat-0486.md,关键词86,深度解析：【关键词86】常见问题与处理方法_实用参考
wechat-0487.md,关键词87,实用指南：【关键词87】使用技巧与注意事项_经验分享
wechat-0488.md,关键词88,问题聚焦：【关键词88】实用方法与操作要点_动态观察
wechat-0489.md,关键词89,最新动态：【关键词89】常见情况与解决思路_深度透视
wechat-0490.md,关键词90,行业透视：【关键词90】相关问题与应对建议_趋势观察
wechat-0491.md,关键词91,专题速递：【关键词91】常见问题与处理方法_供需观
wechat-0492.md,关键词92,热点追踪：【关键词92】使用技巧与注意事项_行业观察
wechat-0493.md,关键词93,今日观察：【关键词93】实用方法与操作要点_趋势分析
wechat-0494.md,关键词94,行业快讯：【关键词94】常见情况与解决思路_热点解读
wechat-0495.md,关键词95,焦点关注：【关键词95】相关问题与应对建议_问题解析
wechat-0496.md,关键词96,深度解析：【关键词96】常见问题与处理方法_实用参考
wechat-0497.md,关键词97,实用指南：【关键词97】使用技巧与注意事项_经验分享
wechat-0498.md,关键词98,问题聚焦：【关键词98】实用方法与操作要点_动态观察
wechat-0499.md,关键词99,最新动态：【关键词99】常见情况与解决思路_深度透视
wechat-0500.md,关键词100,行业透视：【关键词100】相关问题与应对建议_趋势观察
wechat-0501.md,关键词1,专题速递：【关键词1】常见问题与处理方法_供需观
wechat-0502.md,关键词2,热点追踪：【关键词2】使用技巧与注意事项_行业观察
wechat-0503.md,关键词3,今日观察：【关键词3】实用方法与操作要点_趋势分析
wechat-0504.md,关键词4,行业快讯：【关键词4】常见情况与解决思路_热点解读
wechat-0505.md,关键词5,焦点关注：【关键词5】相关问题与应对建议_问题解析
wechat-0506.md,关键词6,深度解析：【关键词6】常见问题与处理方法_实用参考
wechat-0507.md,关键词7,实用指南：【关键词7】使用技巧与注意事项_经验分享
wechat-0508.md,关键词8,问题聚焦：【关键词8】实用方法与操作要点_动态观察
wechat-0509.md,关键词9,最新动态：【关键词9】常见情况与解决思路_深度透视
wechat-0510.md,关键词10,行业透视：【关键词10】相关问题与应对建议_趋势观察
wechat-0511.md,关键词11,专题速递：【关键词11】常见问题与处理方法_供需观
wechat-0512.md,关键词12,热点追踪：【关键词12】使用技巧与注意事项_行业观察
wechat-0513.md,关键词13,今日观察：【关键词13】实用方法与操作要点_趋势分析
wechat-0514.md,关键词14,行业快讯：【关键词14】常见情况与解决思路_热点解读
wechat-0515.md,关键词15,焦点关注：【关键词15】相关问题与应对建议_问题解析
wechat-0516.md,关键词16,深度解析：【关键词16】常见问题与处理方法_实用参考
wechat-0517.md,关键词17,实用指南：【关键词17】使用技巧与注意事项_经验分享
wechat-0518.md,关键词18,问题聚焦：【关键词18】实用方法与操作要点_动态观察
wechat-0519.md,关键词19,最新动态：【关键词19】常见情况与解决思路_深度透视
wechat-0520.md,关键词20,行业透视：【关键词20】相关问题与应对建议_趋势观察
wechat-0521.md,关键词21,专题速递：【关键词21】常见问题与处理方法_供需观
wechat-0522.md,关键词22,热点追踪：【关键词22】使用技巧与注意事项_行业观察
wechat-0523.md,关键词23,今日观察：【关键词23】实用方法与操作要点_趋势分析
wechat-0524.md,关键词24,行业快讯：【关键词24】常见情况与解决思路_热点解读
wechat-0525.md,关键词25,焦点关注：【关键词25】相关问题与应对建议_问题解析
wechat-0526.md,关键词26,深度解析：【关键词26】常见问题与处理方法_实用参考
wechat-0527.md,关键词27,实用指南：【关键词27】使用技巧与注意事项_经验分享
wechat-0528.md,关键词28,问题聚焦：【关键词28】实用方法与操作要点_动态观察
wechat-0529.md,关键词29,最新动态：【关键词29】常见情况与解决思路_深度透视
wechat-0530.md,关键词30,行业透视：【关键词30】相关问题与应对建议_趋势观察
wechat-0531.md,关键词31,专题速递：【关键词31】常见问题与处理方法_供需观
wechat-0532.md,关键词32,热点追踪：【关键词32】使用技巧与注意事项_行业观察
wechat-0533.md,关键词33,今日观察：【关键词33】实用方法与操作要点_趋势分析
wechat-0534.md,关键词34,行业快讯：【关键词34】常见情况与解决思路_热点解读
wechat-0535.md,关键词35,焦点关注：【关键词35】相关问题与应对建议_问题解析
wechat-0536.md,关键词36,深度解析：【关键词36】常见问题与处理方法_实用参考
wechat-0537.md,关键词37,实用指南：【关键词37】使用技巧与注意事项_经验分享
wechat-0538.md,关键词38,问题聚焦：【关键词38】实用方法与操作要点_动态观察
wechat-0539.md,关键词39,最新动态：【关键词39】常见情况与解决思路_深度透视
wechat-0540.md,关键词40,行业透视：【关键词40】相关问题与应对建议_趋势观察
wechat-0541.md,关键词41,专题速递：【关键词41】常见问题与处理方法_供需观
wechat-0542.md,关键词42,热点追踪：【关键词42】使用技巧与注意事项_行业观察
wechat-0543.md,关键词43,今日观察：【关键词43】实用方法与操作要点_趋势分析
wechat-0544.md,关键词44,行业快讯：【关键词44】常见情况与解决思路_热点解读
wechat-0545.md,关键词45,焦点关注：【关键词45】相关问题与应对建议_问题解析
wechat-0546.md,关键词46,深度解析：【关键词46】常见问题与处理方法_实用参考
wechat-0547.md,关键词47,实用指南：【关键词47】使用技巧与注意事项_经验分享
wechat-0548.md,关键词48,问题聚焦：【关键词48】实用方法与操作要点_动态观察
wechat-0549.md,关键词49,最新动态：【关键词49】常见情况与解决思路_深度透视
wechat-0550.md,关键词50,行业透视：【关键词50】相关问题与应对建议_趋势观察
wechat-0551.md,关键词51,专题速递：【关键词51】常见问题与处理方法_供需观
wechat-0552.md,关键词52,热点追踪：【关键词52】使用技巧与注意事项_行业观察
wechat-0553.md,关键词53,今日观察：【关键词53】实用方法与操作要点_趋势分析
wechat-0554.md,关键词54,行业快讯：【关键词54】常见情况与解决思路_热点解读
wechat-0555.md,关键词55,焦点关注：【关键词55】相关问题与应对建议_问题解析
wechat-0556.md,关键词56,深度解析：【关键词56】常见问题与处理方法_实用参考
wechat-0557.md,关键词57,实用指南：【关键词57】使用技巧与注意事项_经验分享
wechat-0558.md,关键词58,问题聚焦：【关键词58】实用方法与操作要点_动态观察
wechat-0559.md,关键词59,最新动态：【关键词59】常见情况与解决思路_深度透视
wechat-0560.md,关键词60,行业透视：【关键词60】相关问题与应对建议_趋势观察
wechat-0561.md,关键词61,专题速递：【关键词61】常见问题与处理方法_供需观
wechat-0562.md,关键词62,热点追踪：【关键词62】使用技巧与注意事项_行业观察
wechat-0563.md,关键词63,今日观察：【关键词63】实用方法与操作要点_趋势分析
wechat-0564.md,关键词64,行业快讯：【关键词64】常见情况与解决思路_热点解读
wechat-0565.md,关键词65,焦点关注：【关键词65】相关问题与应对建议_问题解析
wechat-0566.md,关键词66,深度解析：【关键词66】常见问题与处理方法_实用参考
wechat-0567.md,关键词67,实用指南：【关键词67】使用技巧与注意事项_经验分享
wechat-0568.md,关键词68,问题聚焦：【关键词68】实用方法与操作要点_动态观察
wechat-0569.md,关键词69,最新动态：【关键词69】常见情况与解决思路_深度透视
wechat-0570.md,关键词70,行业透视：【关键词70】相关问题与应对建议_趋势观察
wechat-0571.md,关键词71,专题速递：【关键词71】常见问题与处理方法_供需观
wechat-0572.md,关键词72,热点追踪：【关键词72】使用技巧与注意事项_行业观察
wechat-0573.md,关键词73,今日观察：【关键词73】实用方法与操作要点_趋势分析
wechat-0574.md,关键词74,行业快讯：【关键词74】常见情况与解决思路_热点解读
wechat-0575.md,关键词75,焦点关注：【关键词75】相关问题与应对建议_问题解析
wechat-0576.md,关键词76,深度解析：【关键词76】常见问题与处理方法_实用参考
wechat-0577.md,关键词77,实用指南：【关键词77】使用技巧与注意事项_经验分享
wechat-0578.md,关键词78,问题聚焦：【关键词78】实用方法与操作要点_动态观察
wechat-0579.md,关键词79,最新动态：【关键词79】常见情况与解决思路_深度透视
wechat-0580.md,关键词80,行业透视：【关键词80】相关问题与应对建议_趋势观察
wechat-0581.md,关键词81,专题速递：【关键词81】常见问题与处理方法_供需观
wechat-0582.md,关键词82,热点追踪：【关键词82】使用技巧与注意事项_行业观察
wechat-0583.md,关键词83,今日观察：【关键词83】实用方法与操作要点_趋势分析
wechat-0584.md,关键词84,行业快讯：【关键词84】常见情况与解决思路_热点解读
wechat-0585.md,关键词85,焦点关注：【关键词85】相关问题与应对建议_问题解析
wechat-0586.md,关键词86,深度解析：【关键词86】常见问题与处理方法_实用参考
wechat-0587.md,关键词87,实用指南：【关键词87】使用技巧与注意事项_经验分享
wechat-0588.md,关键词88,问题聚焦：【关键词88】实用方法与操作要点_动态观察
wechat-0589.md,关键词89,最新动态：【关键词89】常见情况与解决思路_深度透视
wechat-0590.md,关键词90,行业透视：【关键词90】相关问题与应对建议_趋势观察
wechat-0591.md,关键词91,专题速递：【关键词91】常见问题与处理方法_供需观
wechat-0592.md,关键词92,热点追踪：【关键词92】使用技巧与注意事项_行业观察
wechat-0593.md,关键词93,今日观察：【关键词93】实用方法与操作要点_趋势分析
wechat-0594.md,关键词94,行业快讯：【关键词94】常见情况与解决思路_热点解读
wechat-0595.md,关键词95,焦点关注：【关键词95】相关问题与应对建议_问题解析
wechat-0596.md,关键词96,深度解析：【关键词96】常见问题与处理方法_实用参考
wechat-0597.md,关键词97,实用指南：【关键词97】使用技巧与注意事项_经验分享
wechat-0598.md,关键词98,问题聚焦：【关键词98】实用方法与操作要点_动态观察
wechat-0599.md,关键词99,最新动态：【关键词99】常见情况与解决思路_深度透视
wechat-0600.md,关键词100,行业透视：【关键词100】相关问题与应对建议_趋势观察
wechat-0601.md,关键词1,专题速递：【关键词1】常见问题与处理方法_供需观
wechat-0602.md,关键词2,热点追踪：【关键词2】使用技巧与注意事项_行业观察
wechat-0603.md,关键词3,今日观察：【关键词3】实用方法与操作要点_趋势分析
wechat-0604.md,关键词4,行业快讯：【关键词4】常见情况与解决思路_热点解读
wechat-0605.md,关键词5,焦点关注：【关键词5】相关问题与应对建议_问题解析
wechat-0606.md,关键词6,深度解析：【关键词6】常见问题与处理方法_实用参考
wechat-0607.md,关键词7,实用指南：【关键词7】使用技巧与注意事项_经验分享
wechat-0608.md,关键词8,问题聚焦：【关键词8】实用方法与操作要点_动态观察
wechat-0609.md,关键词9,最新动态：【关键词9】常见情况与解决思路_深度透视
wechat-0610.md,关键词10,行业透视：【关键词10】相关问题与应对建议_趋势观察
wechat-0611.md,关键词11,专题速递：【关键词11】常见问题与处理方法_供需观
wechat-0612.md,关键词12,热点追踪：【关键词12】使用技巧与注意事项_行业观察
wechat-0613.md,关键词13,今日观察：【关键词13】实用方法与操作要点_趋势分析
wechat-0614.md,关键词14,行业快讯：【关键词14】常见情况与解决思路_热点解读
wechat-0615.md,关键词15,焦点关注：【关键词15】相关问题与应对建议_问题解析
wechat-0616.md,关键词16,深度解析：【关键词16】常见问题与处理方法_实用参考
wechat-0617.md,关键词17,实用指南：【关键词17】使用技巧与注意事项_经验分享
wechat-0618.md,关键词18,问题聚焦：【关键词18】实用方法与操作要点_动态观察
wechat-0619.md,关键词19,最新动态：【关键词19】常见情况与解决思路_深度透视
wechat-0620.md,关键词20,行业透视：【关键词20】相关问题与应对建议_趋势观察
wechat-0621.md,关键词21,专题速递：【关键词21】常见问题与处理方法_供需观
wechat-0622.md,关键词22,热点追踪：【关键词22】使用技巧与注意事项_行业观察
wechat-0623.md,关键词23,今日观察：【关键词23】实用方法与操作要点_趋势分析
wechat-0624.md,关键词24,行业快讯：【关键词24】常见情况与解决思路_热点解读
wechat-0625.md,关键词25,焦点关注：【关键词25】相关问题与应对建议_问题解析
wechat-0626.md,关键词26,深度解析：【关键词26】常见问题与处理方法_实用参考
wechat-0627.md,关键词27,实用指南：【关键词27】使用技巧与注意事项_经验分享
wechat-0628.md,关键词28,问题聚焦：【关键词28】实用方法与操作要点_动态观察
wechat-0629.md,关键词29,最新动态：【关键词29】常见情况与解决思路_深度透视
wechat-0630.md,关键词30,行业透视：【关键词30】相关问题与应对建议_趋势观察
wechat-0631.md,关键词31,专题速递：【关键词31】常见问题与处理方法_供需观
wechat-0632.md,关键词32,热点追踪：【关键词32】使用技巧与注意事项_行业观察
wechat-0633.md,关键词33,今日观察：【关键词33】实用方法与操作要点_趋势分析
wechat-0634.md,关键词34,行业快讯：【关键词34】常见情况与解决思路_热点解读
wechat-0635.md,关键词35,焦点关注：【关键词35】相关问题与应对建议_问题解析
wechat-0636.md,关键词36,深度解析：【关键词36】常见问题与处理方法_实用参考
wechat-0637.md,关键词37,实用指南：【关键词37】使用技巧与注意事项_经验分享
wechat-0638.md,关键词38,问题聚焦：【关键词38】实用方法与操作要点_动态观察
wechat-0639.md,关键词39,最新动态：【关键词39】常见情况与解决思路_深度透视
wechat-0640.md,关键词40,行业透视：【关键词40】相关问题与应对建议_趋势观察
wechat-0641.md,关键词41,专题速递：【关键词41】常见问题与处理方法_供需观
wechat-0642.md,关键词42,热点追踪：【关键词42】使用技巧与注意事项_行业观察
wechat-0643.md,关键词43,今日观察：【关键词43】实用方法与操作要点_趋势分析
wechat-0644.md,关键词44,行业快讯：【关键词44】常见情况与解决思路_热点解读
wechat-0645.md,关键词45,焦点关注：【关键词45】相关问题与应对建议_问题解析
wechat-0646.md,关键词46,深度解析：【关键词46】常见问题与处理方法_实用参考
wechat-0647.md,关键词47,实用指南：【关键词47】使用技巧与注意事项_经验分享
wechat-0648.md,关键词48,问题聚焦：【关键词48】实用方法与操作要点_动态观察
wechat-0649.md,关键词49,最新动态：【关键词49】常见情况与解决思路_深度透视
wechat-0650.md,关键词50,行业透视：【关键词50】相关问题与应对建议_趋势观察
wechat-0651.md,关键词51,专题速递：【关键词51】常见问题与处理方法_供需观
wechat-0652.md,关键词52,热点追踪：【关键词52】使用技巧与注意事项_行业观察
wechat-0653.md,关键词53,今日观察：【关键词53】实用方法与操作要点_趋势分析
wechat-0654.md,关键词54,行业快讯：【关键词54】常见情况与解决思路_热点解读
wechat-0655.md,关键词55,焦点关注：【关键词55】相关问题与应对建议_问题解析
wechat-0656.md,关键词56,深度解析：【关键词56】常见问题与处理方法_实用参考
wechat-0657.md,关键词57,实用指南：【关键词57】使用技巧与注意事项_经验分享
wechat-0658.md,关键词58,问题聚焦：【关键词58】实用方法与操作要点_动态观察
wechat-0659.md,关键词59,最新动态：【关键词59】常见情况与解决思路_深度透视
wechat-0660.md,关键词60,行业透视：【关键词60】相关问题与应对建议_趋势观察
wechat-0661.md,关键词61,专题速递：【关键词61】常见问题与处理方法_供需观
wechat-0662.md,关键词62,热点追踪：【关键词62】使用技巧与注意事项_行业观察
wechat-0663.md,关键词63,今日观察：【关键词63】实用方法与操作要点_趋势分析
wechat-0664.md,关键词64,行业快讯：【关键词64】常见情况与解决思路_热点解读
wechat-0665.md,关键词65,焦点关注：【关键词65】相关问题与应对建议_问题解析
wechat-0666.md,关键词66,深度解析：【关键词66】常见问题与处理方法_实用参考
wechat-0667.md,关键词67,实用指南：【关键词67】使用技巧与注意事项_经验分享
wechat-0668.md,关键词68,问题聚焦：【关键词68】实用方法与操作要点_动态观察
wechat-0669.md,关键词69,最新动态：【关键词69】常见情况与解决思路_深度透视
wechat-0670.md,关键词70,行业透视：【关键词70】相关问题与应对建议_趋势观察
wechat-0671.md,关键词71,专题速递：【关键词71】常见问题与处理方法_供需观
wechat-0672.md,关键词72,热点追踪：【关键词72】使用技巧与注意事项_行业观察
wechat-0673.md,关键词73,今日观察：【关键词73】实用方法与操作要点_趋势分析
wechat-0674.md,关键词74,行业快讯：【关键词74】常见情况与解决思路_热点解读
wechat-0675.md,关键词75,焦点关注：【关键词75】相关问题与应对建议_问题解析
wechat-0676.md,关键词76,深度解析：【关键词76】常见问题与处理方法_实用参考
wechat-0677.md,关键词77,实用指南：【关键词77】使用技巧与注意事项_经验分享
wechat-0678.md,关键词78,问题聚焦：【关键词78】实用方法与操作要点_动态观察
wechat-0679.md,关键词79,最新动态：【关键词79】常见情况与解决思路_深度透视
wechat-0680.md,关键词80,行业透视：【关键词80】相关问题与应对建议_趋势观察
wechat-0681.md,关键词81,专题速递：【关键词81】常见问题与处理方法_供需观
wechat-0682.md,关键词82,热点追踪：【关键词82】使用技巧与注意事项_行业观察
wechat-0683.md,关键词83,今日观察：【关键词83】实用方法与操作要点_趋势分析
wechat-0684.md,关键词84,行业快讯：【关键词84】常见情况与解决思路_热点解读
wechat-0685.md,关键词85,焦点关注：【关键词85】相关问题与应对建议_问题解析
wechat-0686.md,关键词86,深度解析：【关键词86】常见问题与处理方法_实用参考
wechat-0687.md,关键词87,实用指南：【关键词87】使用技巧与注意事项_经验分享
wechat-0688.md,关键词88,问题聚焦：【关键词88】实用方法与操作要点_动态观察
wechat-0689.md,关键词89,最新动态：【关键词89】常见情况与解决思路_深度透视
wechat-0690.md,关键词90,行业透视：【关键词90】相关问题与应对建议_趋势观察
wechat-0691.md,关键词91,专题速递：【关键词91】常见问题与处理方法_供需观
wechat-0692.md,关键词92,热点追踪：【关键词92】使用技巧与注意事项_行业观察
wechat-0693.md,关键词93,今日观察：【关键词93】实用方法与操作要点_趋势分析
wechat-0694.md,关键词94,行业快讯：【关键词94】常见情况与解决思路_热点解读
wechat-0695.md,关键词95,焦点关注：【关键词95】相关问题与应对建议_问题解析
wechat-0696.md,关键词96,深度解析：【关键词96】常见问题与处理方法_实用参考
wechat-0697.md,关键词97,实用指南：【关键词97】使用技巧与注意事项_经验分享
wechat-0698.md,关键词98,问题聚焦：【关键词98】实用方法与操作要点_动态观察
wechat-0699.md,关键词99,最新动态：【关键词99】常见情况与解决思路_深度透视
wechat-0700.md,关键词100,行业透视：【关键词100】相关问题与应对建议_趋势观察
wechat-0701.md,关键词1,专题速递：【关键词1】常见问题与处理方法_供需观
wechat-0702.md,关键词2,热点追踪：【关键词2】使用技巧与注意事项_行业观察
wechat-0703.md,关键词3,今日观察：【关键词3】实用方法与操作要点_趋势分析
wechat-0704.md,关键词4,行业快讯：【关键词4】常见情况与解决思路_热点解读
wechat-0705.md,关键词5,焦点关注：【关键词5】相关问题与应对建议_问题解析
wechat-0706.md,关键词6,深度解析：【关键词6】常见问题与处理方法_实用参考
wechat-0707.md,关键词7,实用指南：【关键词7】使用技巧与注意事项_经验分享
wechat-0708.md,关键词8,问题聚焦：【关键词8】实用方法与操作要点_动态观察
wechat-0709.md,关键词9,最新动态：【关键词9】常见情况与解决思路_深度透视
wechat-0710.md,关键词10,行业透视：【关键词10】相关问题与应对建议_趋势观察
wechat-0711.md,关键词11,专题速递：【关键词11】常见问题与处理方法_供需观
wechat-0712.md,关键词12,热点追踪：【关键词12】使用技巧与注意事项_行业观察
wechat-0713.md,关键词13,今日观察：【关键词13】实用方法与操作要点_趋势分析
wechat-0714.md,关键词14,行业快讯：【关键词14】常见情况与解决思路_热点解读
wechat-0715.md,关键词15,焦点关注：【关键词15】相关问题与应对建议_问题解析
wechat-0716.md,关键词16,深度解析：【关键词16】常见问题与处理方法_实用参考
wechat-0717.md,关键词17,实用指南：【关键词17】使用技巧与注意事项_经验分享
wechat-0718.md,关键词18,问题聚焦：【关键词18】实用方法与操作要点_动态观察
wechat-0719.md,关键词19,最新动态：【关键词19】常见情况与解决思路_深度透视
wechat-0720.md,关键词20,行业透视：【关键词20】相关问题与应对建议_趋势观察
wechat-0721.md,关键词21,专题速递：【关键词21】常见问题与处理方法_供需观
wechat-0722.md,关键词22,热点追踪：【关键词22】使用技巧与注意事项_行业观察
wechat-0723.md,关键词23,今日观察：【关键词23】实用方法与操作要点_趋势分析
wechat-0724.md,关键词24,行业快讯：【关键词24】常见情况与解决思路_热点解读
wechat-0725.md,关键词25,焦点关注：【关键词25】相关问题与应对建议_问题解析
wechat-0726.md,关键词26,深度解析：【关键词26】常见问题与处理方法_实用参考
wechat-0727.md,关键词27,实用指南：【关键词27】使用技巧与注意事项_经验分享
wechat-0728.md,关键词28,问题聚焦：【关键词28】实用方法与操作要点_动态观察
wechat-0729.md,关键词29,最新动态：【关键词29】常见情况与解决思路_深度透视
wechat-0730.md,关键词30,行业透视：【关键词30】相关问题与应对建议_趋势观察
wechat-0731.md,关键词31,专题速递：【关键词31】常见问题与处理方法_供需观
wechat-0732.md,关键词32,热点追踪：【关键词32】使用技巧与注意事项_行业观察
wechat-0733.md,关键词33,今日观察：【关键词33】实用方法与操作要点_趋势分析
wechat-0734.md,关键词34,行业快讯：【关键词34】常见情况与解决思路_热点解读
wechat-0735.md,关键词35,焦点关注：【关键词35】相关问题与应对建议_问题解析
wechat-0736.md,关键词36,深度解析：【关键词36】常见问题与处理方法_实用参考
wechat-0737.md,关键词37,实用指南：【关键词37】使用技巧与注意事项_经验分享
wechat-0738.md,关键词38,问题聚焦：【关键词38】实用方法与操作要点_动态观察
wechat-0739.md,关键词39,最新动态：【关键词39】常见情况与解决思路_深度透视
wechat-0740.md,关键词40,行业透视：【关键词40】相关问题与应对建议_趋势观察
wechat-0741.md,关键词41,专题速递：【关键词41】常见问题与处理方法_供需观
wechat-0742.md,关键词42,热点追踪：【关键词42】使用技巧与注意事项_行业观察
wechat-0743.md,关键词43,今日观察：【关键词43】实用方法与操作要点_趋势分析
wechat-0744.md,关键词44,行业快讯：【关键词44】常见情况与解决思路_热点解读
wechat-0745.md,关键词45,焦点关注：【关键词45】相关问题与应对建议_问题解析
wechat-0746.md,关键词46,深度解析：【关键词46】常见问题与处理方法_实用参考
wechat-0747.md,关键词47,实用指南：【关键词47】使用技巧与注意事项_经验分享
wechat-0748.md,关键词48,问题聚焦：【关键词48】实用方法与操作要点_动态观察
wechat-0749.md,关键词49,最新动态：【关键词49】常见情况与解决思路_深度透视
wechat-0750.md,关键词50,行业透视：【关键词50】相关问题与应对建议_趋势观察
wechat-0751.md,关键词51,专题速递：【关键词51】常见问题与处理方法_供需观
wechat-0752.md,关键词52,热点追踪：【关键词52】使用技巧与注意事项_行业观察
wechat-0753.md,关键词53,今日观察：【关键词53】实用方法与操作要点_趋势分析
wechat-0754.md,关键词54,行业快讯：【关键词54】常见情况与解决思路_热点解读
wechat-0755.md,关键词55,焦点关注：【关键词55】相关问题与应对建议_问题解析
wechat-0756.md,关键词56,深度解析：【关键词56】常见问题与处理方法_实用参考
wechat-0757.md,关键词57,实用指南：【关键词57】使用技巧与注意事项_经验分享
wechat-0758.md,关键词58,问题聚焦：【关键词58】实用方法与操作要点_动态观察
wechat-0759.md,关键词59,最新动态：【关键词59】常见情况与解决思路_深度透视
wechat-0760.md,关键词60,行业透视：【关键词60】相关问题与应对建议_趋势观察
wechat-0761.md,关键词61,专题速递：【关键词61】常见问题与处理方法_供需观
wechat-0762.md,关键词62,热点追踪：【关键词62】使用技巧与注意事项_行业观察
wechat-0763.md,关键词63,今日观察：【关键词63】实用方法与操作要点_趋势分析
wechat-0764.md,关键词64,行业快讯：【关键词64】常见情况与解决思路_热点解读
wechat-0765.md,关键词65,焦点关注：【关键词65】相关问题与应对建议_问题解析
wechat-0766.md,关键词66,深度解析：【关键词66】常见问题与处理方法_实用参考
wechat-0767.md,关键词67,实用指南：【关键词67】使用技巧与注意事项_经验分享
wechat-0768.md,关键词68,问题聚焦：【关键词68】实用方法与操作要点_动态观察
wechat-0769.md,关键词69,最新动态：【关键词69】常见情况与解决思路_深度透视
wechat-0770.md,关键词70,行业透视：【关键词70】相关问题与应对建议_趋势观察
wechat-0771.md,关键词71,专题速递：【关键词71】常见问题与处理方法_供需观
wechat-0772.md,关键词72,热点追踪：【关键词72】使用技巧与注意事项_行业观察
wechat-0773.md,关键词73,今日观察：【关键词73】实用方法与操作要点_趋势分析
wechat-0774.md,关键词74,行业快讯：【关键词74】常见情况与解决思路_热点解读
wechat-0775.md,关键词75,焦点关注：【关键词75】相关问题与应对建议_问题解析
wechat-0776.md,关键词76,深度解析：【关键词76】常见问题与处理方法_实用参考
wechat-0777.md,关键词77,实用指南：【关键词77】使用技巧与注意事项_经验分享
wechat-0778.md,关键词78,问题聚焦：【关键词78】实用方法与操作要点_动态观察
wechat-0779.md,关键词79,最新动态：【关键词79】常见情况与解决思路_深度透视
wechat-0780.md,关键词80,行业透视：【关键词80】相关问题与应对建议_趋势观察
wechat-0781.md,关键词81,专题速递：【关键词81】常见问题与处理方法_供需观
wechat-0782.md,关键词82,热点追踪：【关键词82】使用技巧与注意事项_行业观察
wechat-0783.md,关键词83,今日观察：【关键词83】实用方法与操作要点_趋势分析
wechat-0784.md,关键词84,行业快讯：【关键词84】常见情况与解决思路_热点解读
wechat-0785.md,关键词85,焦点关注：【关键词85】相关问题与应对建议_问题解析
wechat-0786.md,关键词86,深度解析：【关键词86】常见问题与处理方法_实用参考
wechat-0787.md,关键词87,实用指南：【关键词87】使用技巧与注意事项_经验分享
wechat-0788.md,关键词88,问题聚焦：【关键词88】实用方法与操作要点_动态观察
wechat-0789.md,关键词89,最新动态：【关键词89】常见情况与解决思路_深度透视
wechat-0790.md,关键词90,行业透视：【关键词90】相关问题与应对建议_趋势观察
wechat-0791.md,关键词91,专题速递：【关键词91】常见问题与处理方法_供需观
wechat-0792.md,关键词92,热点追踪：【关键词92】使用技巧与注意事项_行业观察
wechat-0793.md,关键词93,今日观察：【关键词93】实用方法与操作要点_趋势分析
wechat-0794.md,关键词94,行业快讯：【关键词94】常见情况与解决思路_热点解读
wechat-0795.md,关键词95,焦点关注：【关键词95】相关问题与应对建议_问题解析
wechat-0796.md,关键词96,深度解析：【关键词96】常见问题与处理方法_实用参考
wechat-0797.md,关键词97,实用指南：【关键词97】使用技巧与注意事项_经验分享
wechat-0798.md,关键词98,问题聚焦：【关键词98】实用方法与操作要点_动态观察
wechat-0799.md,关键词99,最新动态：【关键词99】常见情况与解决思路_深度透视
wechat-0800.md,关键词100,行业透视：【关键词100】相关问题与应对建议_趋势观察
wechat-0801.md,关键词1,专题速递：【关键词1】常见问题与处理方法_供需观
wechat-0802.md,关键词2,热点追踪：【关键词2】使用技巧与注意事项_行业观察
wechat-0803.md,关键词3,今日观察：【关键词3】实用方法与操作要点_趋势分析
wechat-0804.md,关键词4,行业快讯：【关键词4】常见情况与解决思路_热点解读
wechat-0805.md,关键词5,焦点关注：【关键词5】相关问题与应对建议_问题解析
wechat-0806.md,关键词6,深度解析：【关键词6】常见问题与处理方法_实用参考
wechat-0807.md,关键词7,实用指南：【关键词7】使用技巧与注意事项_经验分享
wechat-0808.md,关键词8,问题聚焦：【关键词8】实用方法与操作要点_动态观察
wechat-0809.md,关键词9,最新动态：【关键词9】常见情况与解决思路_深度透视
wechat-0810.md,关键词10,行业透视：【关键词10】相关问题与应对建议_趋势观察
wechat-0811.md,关键词11,专题速递：【关键词11】常见问题与处理方法_供需观
wechat-0812.md,关键词12,热点追踪：【关键词12】使用技巧与注意事项_行业观察
wechat-0813.md,关键词13,今日观察：【关键词13】实用方法与操作要点_趋势分析
wechat-0814.md,关键词14,行业快讯：【关键词14】常见情况与解决思路_热点解读
wechat-0815.md,关键词15,焦点关注：【关键词15】相关问题与应对建议_问题解析
wechat-0816.md,关键词16,深度解析：【关键词16】常见问题与处理方法_实用参考
wechat-0817.md,关键词17,实用指南：【关键词17】使用技巧与注意事项_经验分享
wechat-0818.md,关键词18,问题聚焦：【关键词18】实用方法与操作要点_动态观察
wechat-0819.md,关键词19,最新动态：【关键词19】常见情况与解决思路_深度透视
wechat-0820.md,关键词20,行业透视：【关键词20】相关问题与应对建议_趋势观察
wechat-0821.md,关键词21,专题速递：【关键词21】常见问题与处理方法_供需观
wechat-0822.md,关键词22,热点追踪：【关键词22】使用技巧与注意事项_行业观察
wechat-0823.md,关键词23,今日观察：【关键词23】实用方法与操作要点_趋势分析
wechat-0824.md,关键词24,行业快讯：【关键词24】常见情况与解决思路_热点解读
wechat-0825.md,关键词25,焦点关注：【关键词25】相关问题与应对建议_问题解析
wechat-0826.md,关键词26,深度解析：【关键词26】常见问题与处理方法_实用参考
wechat-0827.md,关键词27,实用指南：【关键词27】使用技巧与注意事项_经验分享
wechat-0828.md,关键词28,问题聚焦：【关键词28】实用方法与操作要点_动态观察
wechat-0829.md,关键词29,最新动态：【关键词29】常见情况与解决思路_深度透视
wechat-0830.md,关键词30,行业透视：【关键词30】相关问题与应对建议_趋势观察
wechat-0831.md,关键词31,专题速递：【关键词31】常见问题与处理方法_供需观
wechat-0832.md,关键词32,热点追踪：【关键词32】使用技巧与注意事项_行业观察
wechat-0833.md,关键词33,今日观察：【关键词33】实用方法与操作要点_趋势分析
wechat-0834.md,关键词34,行业快讯：【关键词34】常见情况与解决思路_热点解读
wechat-0835.md,关键词35,焦点关注：【关键词35】相关问题与应对建议_问题解析
wechat-0836.md,关键词36,深度解析：【关键词36】常见问题与处理方法_实用参考
wechat-0837.md,关键词37,实用指南：【关键词37】使用技巧与注意事项_经验分享
wechat-0838.md,关键词38,问题聚焦：【关键词38】实用方法与操作要点_动态观察
wechat-0839.md,关键词39,最新动态：【关键词39】常见情况与解决思路_深度透视
wechat-0840.md,关键词40,行业透视：【关键词40】相关问题与应对建议_趋势观察
wechat-0841.md,关键词41,专题速递：【关键词41】常见问题与处理方法_供需观
wechat-0842.md,关键词42,热点追踪：【关键词42】使用技巧与注意事项_行业观察
wechat-0843.md,关键词43,今日观察：【关键词43】实用方法与操作要点_趋势分析
wechat-0844.md,关键词44,行业快讯：【关键词44】常见情况与解决思路_热点解读
wechat-0845.md,关键词45,焦点关注：【关键词45】相关问题与应对建议_问题解析
wechat-0846.md,关键词46,深度解析：【关键词46】常见问题与处理方法_实用参考
wechat-0847.md,关键词47,实用指南：【关键词47】使用技巧与注意事项_经验分享
wechat-0848.md,关键词48,问题聚焦：【关键词48】实用方法与操作要点_动态观察
wechat-0849.md,关键词49,最新动态：【关键词49】常见情况与解决思路_深度透视
wechat-0850.md,关键词50,行业透视：【关键词50】相关问题与应对建议_趋势观察
wechat-0851.md,关键词51,专题速递：【关键词51】常见问题与处理方法_供需观
wechat-0852.md,关键词52,热点追踪：【关键词52】使用技巧与注意事项_行业观察
wechat-0853.md,关键词53,今日观察：【关键词53】实用方法与操作要点_趋势分析
wechat-0854.md,关键词54,行业快讯：【关键词54】常见情况与解决思路_热点解读
wechat-0855.md,关键词55,焦点关注：【关键词55】相关问题与应对建议_问题解析
wechat-0856.md,关键词56,深度解析：【关键词56】常见问题与处理方法_实用参考
wechat-0857.md,关键词57,实用指南：【关键词57】使用技巧与注意事项_经验分享
wechat-0858.md,关键词58,问题聚焦：【关键词58】实用方法与操作要点_动态观察
wechat-0859.md,关键词59,最新动态：【关键词59】常见情况与解决思路_深度透视
wechat-0860.md,关键词60,行业透视：【关键词60】相关问题与应对建议_趋势观察
wechat-0861.md,关键词61,专题速递：【关键词61】常见问题与处理方法_供需观
wechat-0862.md,关键词62,热点追踪：【关键词62】使用技巧与注意事项_行业观察
wechat-0863.md,关键词63,今日观察：【关键词63】实用方法与操作要点_趋势分析
wechat-0864.md,关键词64,行业快讯：【关键词64】常见情况与解决思路_热点解读
wechat-0865.md,关键词65,焦点关注：【关键词65】相关问题与应对建议_问题解析
wechat-0866.md,关键词66,深度解析：【关键词66】常见问题与处理方法_实用参考
wechat-0867.md,关键词67,实用指南：【关键词67】使用技巧与注意事项_经验分享
wechat-0868.md,关键词68,问题聚焦：【关键词68】实用方法与操作要点_动态观察
wechat-0869.md,关键词69,最新动态：【关键词69】常见情况与解决思路_深度透视
wechat-0870.md,关键词70,行业透视：【关键词70】相关问题与应对建议_趋势观察
wechat-0871.md,关键词71,专题速递：【关键词71】常见问题与处理方法_供需观
wechat-0872.md,关键词72,热点追踪：【关键词72】使用技巧与注意事项_行业观察
wechat-0873.md,关键词73,今日观察：【关键词73】实用方法与操作要点_趋势分析
wechat-0874.md,关键词74,行业快讯：【关键词74】常见情况与解决思路_热点解读
wechat-0875.md,关键词75,焦点关注：【关键词75】相关问题与应对建议_问题解析
wechat-0876.md,关键词76,深度解析：【关键词76】常见问题与处理方法_实用参考
wechat-0877.md,关键词77,实用指南：【关键词77】使用技巧与注意事项_经验分享
wechat-0878.md,关键词78,问题聚焦：【关键词78】实用方法与操作要点_动态观察
wechat-0879.md,关键词79,最新动态：【关键词79】常见情况与解决思路_深度透视
wechat-0880.md,关键词80,行业透视：【关键词80】相关问题与应对建议_趋势观察
wechat-0881.md,关键词81,专题速递：【关键词81】常见问题与处理方法_供需观
wechat-0882.md,关键词82,热点追踪：【关键词82】使用技巧与注意事项_行业观察
wechat-0883.md,关键词83,今日观察：【关键词83】实用方法与操作要点_趋势分析
wechat-0884.md,关键词84,行业快讯：【关键词84】常见情况与解决思路_热点解读
wechat-0885.md,关键词85,焦点关注：【关键词85】相关问题与应对建议_问题解析
wechat-0886.md,关键词86,深度解析：【关键词86】常见问题与处理方法_实用参考
wechat-0887.md,关键词87,实用指南：【关键词87】使用技巧与注意事项_经验分享
wechat-0888.md,关键词88,问题聚焦：【关键词88】实用方法与操作要点_动态观察
wechat-0889.md,关键词89,最新动态：【关键词89】常见情况与解决思路_深度透视
wechat-0890.md,关键词90,行业透视：【关键词90】相关问题与应对建议_趋势观察
wechat-0891.md,关键词91,专题速递：【关键词91】常见问题与处理方法_供需观
wechat-0892.md,关键词92,热点追踪：【关键词92】使用技巧与注意事项_行业观察
wechat-0893.md,关键词93,今日观察：【关键词93】实用方法与操作要点_趋势分析
wechat-0894.md,关键词94,行业快讯：【关键词94】常见情况与解决思路_热点解读
wechat-0895.md,关键词95,焦点关注：【关键词95】相关问题与应对建议_问题解析
wechat-0896.md,关键词96,深度解析：【关键词96】常见问题与处理方法_实用参考
wechat-0897.md,关键词97,实用指南：【关键词97】使用技巧与注意事项_经验分享
wechat-0898.md,关键词98,问题聚焦：【关键词98】实用方法与操作要点_动态观察
wechat-0899.md,关键词99,最新动态：【关键词99】常见情况与解决思路_深度透视
wechat-0900.md,关键词100,行业透视：【关键词100】相关问题与应对建议_趋势观察
wechat-0901.md,关键词1,专题速递：【关键词1】常见问题与处理方法_供需观
wechat-0902.md,关键词2,热点追踪：【关键词2】使用技巧与注意事项_行业观察
wechat-0903.md,关键词3,今日观察：【关键词3】实用方法与操作要点_趋势分析
wechat-0904.md,关键词4,行业快讯：【关键词4】常见情况与解决思路_热点解读
wechat-0905.md,关键词5,焦点关注：【关键词5】相关问题与应对建议_问题解析
wechat-0906.md,关键词6,深度解析：【关键词6】常见问题与处理方法_实用参考
wechat-0907.md,关键词7,实用指南：【关键词7】使用技巧与注意事项_经验分享
wechat-0908.md,关键词8,问题聚焦：【关键词8】实用方法与操作要点_动态观察
wechat-0909.md,关键词9,最新动态：【关键词9】常见情况与解决思路_深度透视
wechat-0910.md,关键词10,行业透视：【关键词10】相关问题与应对建议_趋势观察
wechat-0911.md,关键词11,专题速递：【关键词11】常见问题与处理方法_供需观
wechat-0912.md,关键词12,热点追踪：【关键词12】使用技巧与注意事项_行业观察
wechat-0913.md,关键词13,今日观察：【关键词13】实用方法与操作要点_趋势分析
wechat-0914.md,关键词14,行业快讯：【关键词14】常见情况与解决思路_热点解读
wechat-0915.md,关键词15,焦点关注：【关键词15】相关问题与应对建议_问题解析
wechat-0916.md,关键词16,深度解析：【关键词16】常见问题与处理方法_实用参考
wechat-0917.md,关键词17,实用指南：【关键词17】使用技巧与注意事项_经验分享
wechat-0918.md,关键词18,问题聚焦：【关键词18】实用方法与操作要点_动态观察
wechat-0919.md,关键词19,最新动态：【关键词19】常见情况与解决思路_深度透视
wechat-0920.md,关键词20,行业透视：【关键词20】相关问题与应对建议_趋势观察
wechat-0921.md,关键词21,专题速递：【关键词21】常见问题与处理方法_供需观
wechat-0922.md,关键词22,热点追踪：【关键词22】使用技巧与注意事项_行业观察
wechat-0923.md,关键词23,今日观察：【关键词23】实用方法与操作要点_趋势分析
wechat-0924.md,关键词24,行业快讯：【关键词24】常见情况与解决思路_热点解读
wechat-0925.md,关键词25,焦点关注：【关键词25】相关问题与应对建议_问题解析
wechat-0926.md,关键词26,深度解析：【关键词26】常见问题与处理方法_实用参考
wechat-0927.md,关键词27,实用指南：【关键词27】使用技巧与注意事项_经验分享
wechat-0928.md,关键词28,问题聚焦：【关键词28】实用方法与操作要点_动态观察
wechat-0929.md,关键词29,最新动态：【关键词29】常见情况与解决思路_深度透视
wechat-0930.md,关键词30,行业透视：【关键词30】相关问题与应对建议_趋势观察
wechat-0931.md,关键词31,专题速递：【关键词31】常见问题与处理方法_供需观
wechat-0932.md,关键词32,热点追踪：【关键词32】使用技巧与注意事项_行业观察
wechat-0933.md,关键词33,今日观察：【关键词33】实用方法与操作要点_趋势分析
wechat-0934.md,关键词34,行业快讯：【关键词34】常见情况与解决思路_热点解读
wechat-0935.md,关键词35,焦点关注：【关键词35】相关问题与应对建议_问题解析
wechat-0936.md,关键词36,深度解析：【关键词36】常见问题与处理方法_实用参考
wechat-0937.md,关键词37,实用指南：【关键词37】使用技巧与注意事项_经验分享
wechat-0938.md,关键词38,问题聚焦：【关键词38】实用方法与操作要点_动态观察
wechat-0939.md,关键词39,最新动态：【关键词39】常见情况与解决思路_深度透视
wechat-0940.md,关键词40,行业透视：【关键词40】相关问题与应对建议_趋势观察
wechat-0941.md,关键词41,专题速递：【关键词41】常见问题与处理方法_供需观
wechat-0942.md,关键词42,热点追踪：【关键词42】使用技巧与注意事项_行业观察
wechat-0943.md,关键词43,今日观察：【关键词43】实用方法与操作要点_趋势分析
wechat-0944.md,关键词44,行业快讯：【关键词44】常见情况与解决思路_热点解读
wechat-0945.md,关键词45,焦点关注：【关键词45】相关问题与应对建议_问题解析
wechat-0946.md,关键词46,深度解析：【关键词46】常见问题与处理方法_实用参考
wechat-0947.md,关键词47,实用指南：【关键词47】使用技巧与注意事项_经验分享
wechat-0948.md,关键词48,问题聚焦：【关键词48】实用方法与操作要点_动态观察
wechat-0949.md,关键词49,最新动态：【关键词49】常见情况与解决思路_深度透视
wechat-0950.md,关键词50,行业透视：【关键词50】相关问题与应对建议_趋势观察
wechat-0951.md,关键词51,专题速递：【关键词51】常见问题与处理方法_供需观
wechat-0952.md,关键词52,热点追踪：【关键词52】使用技巧与注意事项_行业观察
wechat-0953.md,关键词53,今日观察：【关键词53】实用方法与操作要点_趋势分析
wechat-0954.md,关键词54,行业快讯：【关键词54】常见情况与解决思路_热点解读
wechat-0955.md,关键词55,焦点关注：【关键词55】相关问题与应对建议_问题解析
wechat-0956.md,关键词56,深度解析：【关键词56】常见问题与处理方法_实用参考
wechat-0957.md,关键词57,实用指南：【关键词57】使用技巧与注意事项_经验分享
wechat-0958.md,关键词58,问题聚焦：【关键词58】实用方法与操作要点_动态观察
wechat-0959.md,关键词59,最新动态：【关键词59】常见情况与解决思路_深度透视
wechat-0960.md,关键词60,行业透视：【关键词60】相关问题与应对建议_趋势观察
wechat-0961.md,关键词61,专题速递：【关键词61】常见问题与处理方法_供需观
wechat-0962.md,关键词62,热点追踪：【关键词62】使用技巧与注意事项_行业观察
wechat-0963.md,关键词63,今日观察：【关键词63】实用方法与操作要点_趋势分析
wechat-0964.md,关键词64,行业快讯：【关键词64】常见情况与解决思路_热点解读
wechat-0965.md,关键词65,焦点关注：【关键词65】相关问题与应对建议_问题解析
wechat-0966.md,关键词66,深度解析：【关键词66】常见问题与处理方法_实用参考
wechat-0967.md,关键词67,实用指南：【关键词67】使用技巧与注意事项_经验分享
wechat-0968.md,关键词68,问题聚焦：【关键词68】实用方法与操作要点_动态观察
wechat-0969.md,关键词69,最新动态：【关键词69】常见情况与解决思路_深度透视
wechat-0970.md,关键词70,行业透视：【关键词70】相关问题与应对建议_趋势观察
wechat-0971.md,关键词71,专题速递：【关键词71】常见问题与处理方法_供需观
wechat-0972.md,关键词72,热点追踪：【关键词72】使用技巧与注意事项_行业观察
wechat-0973.md,关键词73,今日观察：【关键词73】实用方法与操作要点_趋势分析
wechat-0974.md,关键词74,行业快讯：【关键词74】常见情况与解决思路_热点解读
wechat-0975.md,关键词75,焦点关注：【关键词75】相关问题与应对建议_问题解析
wechat-0976.md,关键词76,深度解析：【关键词76】常见问题与处理方法_实用参考
wechat-0977.md,关键词77,实用指南：【关键词77】使用技巧与注意事项_经验分享
wechat-0978.md,关键词78,问题聚焦：【关键词78】实用方法与操作要点_动态观察
wechat-0979.md,关键词79,最新动态：【关键词79】常见情况与解决思路_深度透视
wechat-0980.md,关键词80,行业透视：【关键词80】相关问题与应对建议_趋势观察
wechat-0981.md,关键词81,专题速递：【关键词81】常见问题与处理方法_供需观
wechat-0982.md,关键词82,热点追踪：【关键词82】使用技巧与注意事项_行业观察
wechat-0983.md,关键词83,今日观察：【关键词83】实用方法与操作要点_趋势分析
wechat-0984.md,关键词84,行业快讯：【关键词84】常见情况与解决思路_热点解读
wechat-0985.md,关键词85,焦点关注：【关键词85】相关问题与应对建议_问题解析
wechat-0986.md,关键词86,深度解析：【关键词86】常见问题与处理方法_实用参考
wechat-0987.md,关键词87,实用指南：【关键词87】使用技巧与注意事项_经验分享
wechat-0988.md,关键词88,问题聚焦：【关键词88】实用方法与操作要点_动态观察
wechat-0989.md,关键词89,最新动态：【关键词89】常见情况与解决思路_深度透视
wechat-0990.md,关键词90,行业透视：【关键词90】相关问题与应对建议_趋势观察
wechat-0991.md,关键词91,专题速递：【关键词91】常见问题与处理方法_供需观
wechat-0992.md,关键词92,热点追踪：【关键词92】使用技巧与注意事项_行业观察
wechat-0993.md,关键词93,今日观察：【关键词93】实用方法与操作要点_趋势分析
wechat-0994.md,关键词94,行业快讯：【关键词94】常见情况与解决思路_热点解读
wechat-0995.md,关键词95,焦点关注：【关键词95】相关问题与应对建议_问题解析
wechat-0996.md,关键词96,深度解析：【关键词96】常见问题与处理方法_实用参考
wechat-0997.md,关键词97,实用指南：【关键词97】使用技巧与注意事项_经验分享
wechat-0998.md,关键词98,问题聚焦：【关键词98】实用方法与操作要点_动态观察
wechat-0999.md,关键词99,最新动态：【关键词99】常见情况与解决思路_深度透视
wechat-1000.md,关键词100,行业透视：【关键词100】相关问题与应对建议_趋势观察
